Category,Term,Count,X.,PValue,Genes,List.Total,Pop.Hits,Pop.Total,Fold.Enrichment,Bonferroni,Benjamini,FDR
GOTERM_BP_FAT,GO:0002009~morphogenesis of an epithelium,2,50,0.013127766753327096,ENSMUSG00000027439;ENSMUSG00000029104,2,172,13102,76.17441860465117,0.9143883356931629,0.9143883356931629,15.097174317866202
GOTERM_BP_FAT,GO:0048729~tissue morphogenesis,2,50,0.017936192947863205,ENSMUSG00000027439;ENSMUSG00000029104,2,235,13102,55.753191489361704,0.9654867950469213,0.8142227006518861,20.08082691196811
GOTERM_BP_FAT,GO:0060429~epithelium development,2,50,0.02037856815777543,ENSMUSG00000027439;ENSMUSG00000029104,2,267,13102,49.071161048689135,0.9782810066907123,0.7209942006520249,22.507870391687156
